{"accuracy": [0.8373725414276123, 0.9208446145057678, 0.9539622664451599, 0.9722856283187866, 0.9816965460777283], "loss": [0.42942291498184204, 0.22104845941066742, 0.13371756672859192, 0.08306711167097092, 0.055389635264873505], "val_accuracy": [0.890342116355896, 0.9054948687553406, 0.9021453261375427, 0.9000717997550964, 0.8969614505767822], "val_loss": [0.29163917899131775, 0.2636497914791107, 0.2892615795135498, 0.33853399753570557, 0.3991740942001343]}